[
  {
    "value": "włączone",
    "synonyms": [
      "włączone",
      "zaświecone",
      "działa",
      "działające",
      "świeci"
    ]
  },
  {
    "value": "wyłączone",
    "synonyms": [
      "wyłączone",
      "zgaszone",
      "nie działa",
      "nie działąjące"
    ]
  },
  {
    "value": "otwarte",
    "synonyms": [
      "otwarte",
      "otworzone",
      "roztwarte",
      "rozwarte",
      "podniesiona"
    ]
  },
  {
    "value": "zamknięte",
    "synonyms": [
      "zamknięte",
      "zawarte",
      "opuszczona"
    ]
  }
]