[
  {
    "id": "a75db2e5-e20b-4d6e-a33b-670f2a6b22fa",
    "data": [
      {
        "text": "wyłącz",
        "alias": "trait",
        "meta": "@trait",
        "userDefined": false
      },
      {
        "text": " ",
        "userDefined": false
      },
      {
        "text": "światło",
        "alias": "device",
        "meta": "@device",
        "userDefined": false
      },
      {
        "text": " ",
        "userDefined": false
      },
      {
        "text": "kuchnia",
        "alias": "room",
        "meta": "@room",
        "userDefined": false
      }
    ],
    "isTemplate": false,
    "count": 0,
    "updated": 0
  },
  {
    "id": "57444f9c-43d6-4b30-9799-a1b95e1391d2",
    "data": [
      {
        "text": "wyłącz",
        "alias": "trait",
        "meta": "@trait",
        "userDefined": false
      },
      {
        "text": " ",
        "userDefined": false
      },
      {
        "text": "światło",
        "alias": "device",
        "meta": "@device",
        "userDefined": false
      },
      {
        "text": " w ",
        "userDefined": false
      },
      {
        "text": "kuchni",
        "alias": "room",
        "meta": "@room",
        "userDefined": false
      }
    ],
    "isTemplate": false,
    "count": 0,
    "updated": 0
  }
]