[
  {
    "id": "e33f774b-7624-42d5-953f-d414a0c03a4d",
    "data": [
      {
        "text": "włącz",
        "alias": "trait",
        "meta": "@trait",
        "userDefined": false
      },
      {
        "text": " ",
        "userDefined": false
      },
      {
        "text": "światła",
        "alias": "device",
        "meta": "@device",
        "userDefined": false
      },
      {
        "text": " ",
        "userDefined": false
      },
      {
        "text": "wszędzie",
        "alias": "allThings",
        "meta": "@allThings",
        "userDefined": true
      }
    ],
    "isTemplate": false,
    "count": 1,
    "updated": 0
  },
  {
    "id": "7f91a959-3979-4962-8463-4e9b68b7139a",
    "data": [
      {
        "text": "włącz",
        "alias": "trait",
        "meta": "@trait",
        "userDefined": false
      },
      {
        "text": " ",
        "userDefined": false
      },
      {
        "text": "wszystkie",
        "alias": "allThings",
        "meta": "@allThings",
        "userDefined": true
      },
      {
        "text": " ",
        "userDefined": false
      },
      {
        "text": "światła",
        "alias": "device",
        "meta": "@device",
        "userDefined": false
      }
    ],
    "isTemplate": false,
    "count": 0,
    "updated": 0
  }
]