[
  {
    "id": "1b1ff584-77a1-418f-b0f4-efcba8eba6a5",
    "data": [
      {
        "text": "Powiedz Czy ",
        "userDefined": false
      },
      {
        "text": "oświetlenie",
        "alias": "device",
        "meta": "@device",
        "userDefined": false
      },
      {
        "text": " ",
        "userDefined": false
      },
      {
        "text": "salonu",
        "alias": "room",
        "meta": "@room",
        "userDefined": false
      },
      {
        "text": " ",
        "userDefined": false
      },
      {
        "text": "działa",
        "alias": "deviceRequestStates",
        "meta": "@deviceRequestStates",
        "userDefined": false
      }
    ],
    "isTemplate": false,
    "count": 0,
    "updated": 0
  },
  {
    "id": "5fee5f6a-577d-4b37-9742-9b3c260c77d5",
    "data": [
      {
        "text": "czy ",
        "userDefined": false
      },
      {
        "text": "oświetlenie",
        "alias": "device",
        "meta": "@device",
        "userDefined": false
      },
      {
        "text": " ",
        "userDefined": false
      },
      {
        "text": "salonu",
        "alias": "room",
        "meta": "@room",
        "userDefined": false
      },
      {
        "text": " jest  ",
        "userDefined": false
      },
      {
        "text": "działa",
        "alias": "deviceRequestStates",
        "meta": "@deviceRequestStates",
        "userDefined": false
      },
      {
        "text": " Powiedz",
        "userDefined": false
      }
    ],
    "isTemplate": false,
    "count": 0,
    "updated": 0
  },
  {
    "id": "c47a1740-8145-49cf-84c9-37b051f97eb7",
    "data": [
      {
        "text": "czy ",
        "userDefined": false
      },
      {
        "text": "oświetlenie",
        "alias": "device",
        "meta": "@device",
        "userDefined": false
      },
      {
        "text": " ",
        "userDefined": false
      },
      {
        "text": "salonu",
        "alias": "room",
        "meta": "@room",
        "userDefined": true
      },
      {
        "text": " ",
        "userDefined": false
      },
      {
        "text": "działa",
        "alias": "deviceRequestStates",
        "meta": "@deviceRequestStates",
        "userDefined": true
      },
      {
        "text": " Powiedz",
        "userDefined": false
      }
    ],
    "isTemplate": false,
    "count": 0,
    "updated": 0
  },
  {
    "id": "d30cbc72-e245-435f-91d6-499fb931529c",
    "data": [
      {
        "text": "czy ",
        "userDefined": false
      },
      {
        "text": "brama",
        "alias": "device",
        "meta": "@device",
        "userDefined": false
      },
      {
        "text": " w ",
        "userDefined": false
      },
      {
        "text": "garażu",
        "alias": "room",
        "meta": "@room",
        "userDefined": false
      },
      {
        "text": " jest ",
        "userDefined": false
      },
      {
        "text": "opuszczona",
        "alias": "deviceRequestStates",
        "meta": "@deviceRequestStates",
        "userDefined": false
      },
      {
        "text": " Powiedz",
        "userDefined": false
      }
    ],
    "isTemplate": false,
    "count": 0,
    "updated": 0
  },
  {
    "id": "8da44ae2-345d-4b58-8278-9fa56e8c431d",
    "data": [
      {
        "text": "Czy ",
        "userDefined": false
      },
      {
        "text": "światło",
        "alias": "device",
        "meta": "@device",
        "userDefined": false
      },
      {
        "text": " w ",
        "userDefined": false
      },
      {
        "text": "salonie",
        "alias": "room",
        "meta": "@room",
        "userDefined": false
      },
      {
        "text": " jest ",
        "userDefined": false
      },
      {
        "text": "włączone Powiedz",
        "alias": "deviceRequestStates",
        "meta": "@deviceRequestStates",
        "userDefined": true
      }
    ],
    "isTemplate": false,
    "count": 0,
    "updated": 0
  }
]