[
  {
    "id": "43f3b6fb-9004-4dc2-9909-ac10b114f89b",
    "data": [
      {
        "text": "Wyłącz",
        "meta": "@sys.ignore",
        "userDefined": false
      },
      {
        "text": " odliczanie ",
        "userDefined": false
      },
      {
        "text": "światło",
        "alias": "device",
        "meta": "@device",
        "userDefined": false
      },
      {
        "text": ".",
        "userDefined": false
      }
    ],
    "isTemplate": false,
    "count": 0,
    "updated": 0
  },
  {
    "id": "e66d354c-06ec-421f-824d-22e290220988",
    "data": [
      {
        "text": "Światło",
        "alias": "device",
        "meta": "@device",
        "userDefined": false
      },
      {
        "text": " ",
        "userDefined": false
      },
      {
        "text": "wyłącz",
        "meta": "@sys.ignore",
        "userDefined": false
      },
      {
        "text": " odliczanie.",
        "userDefined": false
      }
    ],
    "isTemplate": false,
    "count": 0,
    "updated": 0
  },
  {
    "id": "92a30124-318b-40ba-8ea7-c9d61389ff5e",
    "data": [
      {
        "text": "Światło",
        "alias": "device",
        "meta": "@device",
        "userDefined": false
      },
      {
        "text": " reset timerów.",
        "userDefined": false
      }
    ],
    "isTemplate": false,
    "count": 0,
    "updated": 0
  },
  {
    "id": "cac1092c-b3f5-4888-b8bd-d4a4adfb8103",
    "data": [
      {
        "text": "Reset odliczania ",
        "userDefined": false
      },
      {
        "text": "wszystkie",
        "meta": "@sys.ignore",
        "userDefined": false
      },
      {
        "text": " ",
        "userDefined": false
      },
      {
        "text": "światła",
        "alias": "device",
        "meta": "@device",
        "userDefined": false
      },
      {
        "text": ".",
        "userDefined": false
      }
    ],
    "isTemplate": false,
    "count": 0,
    "updated": 0
  },
  {
    "id": "e312aa6d-64e5-4349-adf0-d63a26756cf1",
    "data": [
      {
        "text": "Wyłącz",
        "meta": "@sys.ignore",
        "userDefined": false
      },
      {
        "text": " odliczanie dla ",
        "userDefined": false
      },
      {
        "text": "wyszystkich",
        "meta": "@sys.ignore",
        "userDefined": true
      },
      {
        "text": " ",
        "userDefined": false
      },
      {
        "text": "światło",
        "alias": "device",
        "meta": "@device",
        "userDefined": false
      },
      {
        "text": ".",
        "userDefined": false
      }
    ],
    "isTemplate": false,
    "count": 0,
    "updated": 0
  },
  {
    "id": "feab3af8-7842-4987-99e8-600150f7ba4f",
    "data": [
      {
        "text": "Światło",
        "alias": "device",
        "meta": "@device",
        "userDefined": false
      },
      {
        "text": " resetuj ",
        "userDefined": false
      },
      {
        "text": "wszystkie",
        "meta": "@sys.ignore",
        "userDefined": false
      },
      {
        "text": " timery.",
        "userDefined": false
      }
    ],
    "isTemplate": false,
    "count": 0,
    "updated": 0
  }
]